{
  "csv_path": "data\\consolidated\\v0.1.0\\consolidated.csv",
  "n_rows_loaded": 7684,
  "rules": {
    "zhang_delta_6_5": {
      "n": 7127,
      "n_positive_observed": 3668,
      "n_negative_observed": 3459,
      "true_positive": 3627,
      "false_positive": 2944,
      "true_negative": 515,
      "false_negative": 41,
      "accuracy": 0.581170197839203,
      "sensitivity": 0.9888222464558343,
      "specificity": 0.1488869615495808,
      "youden_j": 0.1377092080054152,
      "accuracy_ci95": [
        0.5696750501621368,
        0.5925778878360932
      ],
      "positive_label": "single-phase",
      "confusion": {
        "multi-phase->multi-phase": 515,
        "single-phase->single-phase": 3627,
        "single-phase->multi-phase": 2944,
        "multi-phase->single-phase": 41
      }
    },
    "yang_omega_1_1": {
      "n": 7127,
      "n_positive_observed": 3668,
      "n_negative_observed": 3459,
      "true_positive": 3484,
      "false_positive": 3028,
      "true_negative": 431,
      "false_negative": 184,
      "accuracy": 0.5493194892661709,
      "sensitivity": 0.9498364231188658,
      "specificity": 0.12460248626770742,
      "youden_j": 0.07443890938657338,
      "accuracy_ci95": [
        0.5377442029082686,
        0.5608416358235859
      ],
      "positive_label": "single-phase",
      "confusion": {
        "multi-phase->multi-phase": 431,
        "single-phase->multi-phase": 3028,
        "single-phase->single-phase": 3484,
        "multi-phase->single-phase": 184
      }
    },
    "guo_vec_stratified": {
      "n_eval": 3567,
      "accuracy": 0.6747967479674797,
      "fcc_sensitivity": 0.9191321499013807,
      "bcc_sensitivity": 0.49315738025415445,
      "n_fcc_observed": 1521,
      "n_bcc_observed": 2046,
      "confusion": {
        "FCC->FCC": 1398,
        "BCC->BCC": 1009,
        "FCC->BCC": 393,
        "mixed->FCC": 111,
        "BCC->FCC": 12,
        "mixed->BCC": 644
      }
    },
    "yeh_smix_descriptive": {
      "n": 7684,
      "fraction_HEA": 0.4699375325351379,
      "fraction_MEA": 0.36907860489328476,
      "fraction_dilute": 0.1609838625715773,
      "bins": {
        "MEA": 2836,
        "dilute": 1237,
        "HEA": 3611
      }
    }
  }
}