{
  "csv_path": "D:\\Documents\\Visual studio\\HTMLs\\hea-bench\\data\\consolidated\\v0.1.0\\consolidated.csv",
  "n_rows_loaded": 7684,
  "rules": {
    "zhang_delta_6_5": {
      "n": 6922,
      "n_positive_observed": 3650,
      "n_negative_observed": 3272,
      "true_positive": 3609,
      "false_positive": 2928,
      "true_negative": 344,
      "false_negative": 41,
      "accuracy": 0.5710777232013868,
      "sensitivity": 0.9887671232876712,
      "specificity": 0.10513447432762836,
      "youden_j": 0.0939015976152997,
      "accuracy_ci95": [
        0.5593820390634807,
        0.5826945570862203
      ],
      "positive_label": "single-phase",
      "confusion": {
        "multi-phase->multi-phase": 344,
        "single-phase->single-phase": 3609,
        "single-phase->multi-phase": 2928,
        "multi-phase->single-phase": 41
      }
    },
    "yang_omega_1_1": {
      "n": 6922,
      "n_positive_observed": 3650,
      "n_negative_observed": 3272,
      "true_positive": 3467,
      "false_positive": 2990,
      "true_negative": 282,
      "false_negative": 183,
      "accuracy": 0.541606472117885,
      "sensitivity": 0.9498630136986301,
      "specificity": 0.08618581907090464,
      "youden_j": 0.036048832769534744,
      "accuracy_ci95": [
        0.5298484290885892,
        0.5533183589014798
      ],
      "positive_label": "single-phase",
      "confusion": {
        "multi-phase->multi-phase": 282,
        "single-phase->multi-phase": 2990,
        "single-phase->single-phase": 3467,
        "multi-phase->single-phase": 183
      }
    },
    "guo_vec_stratified": {
      "n_eval": 3556,
      "accuracy": 0.6737907761529809,
      "fcc_sensitivity": 0.9190789473684211,
      "bcc_sensitivity": 0.4906679764243615,
      "n_fcc_observed": 1520,
      "n_bcc_observed": 2036,
      "confusion": {
        "FCC->FCC": 1397,
        "BCC->BCC": 999,
        "FCC->BCC": 393,
        "mixed->FCC": 111,
        "BCC->FCC": 12,
        "mixed->BCC": 644
      }
    },
    "yeh_smix_descriptive": {
      "n": 7684,
      "fraction_HEA": 0.4699375325351379,
      "fraction_MEA": 0.36907860489328476,
      "fraction_dilute": 0.1609838625715773,
      "bins": {
        "MEA": 2836,
        "dilute": 1237,
        "HEA": 3611
      }
    },
    "king_phi_1_0": {
      "n": 6922,
      "n_positive_observed": 3650,
      "n_negative_observed": 3272,
      "true_positive": 3019,
      "false_positive": 2907,
      "true_negative": 365,
      "false_negative": 631,
      "accuracy": 0.4888760473851488,
      "sensitivity": 0.8271232876712329,
      "specificity": 0.11155256723716381,
      "youden_j": -0.06132414509160333,
      "accuracy_ci95": [
        0.4771093475294999,
        0.5006550876259328
      ],
      "positive_label": "solid_solution",
      "confusion": {
        "solid_solution->intermetallic": 2907,
        "intermetallic->intermetallic": 365,
        "intermetallic->solid_solution": 631,
        "solid_solution->solid_solution": 3019
      }
    },
    "ye_phi_20_0": {
      "n": 6922,
      "n_positive_observed": 3650,
      "n_negative_observed": 3272,
      "true_positive": 1614,
      "false_positive": 1486,
      "true_negative": 1786,
      "false_negative": 2036,
      "accuracy": 0.49118751805836464,
      "sensitivity": 0.4421917808219178,
      "specificity": 0.5458435207823961,
      "youden_j": -0.011964698395686146,
      "accuracy_ci95": [
        0.47941845115369897,
        0.5029663611122933
      ],
      "positive_label": "solid_solution",
      "confusion": {
        "intermetallic->intermetallic": 1786,
        "intermetallic->solid_solution": 2036,
        "solid_solution->intermetallic": 1486,
        "solid_solution->solid_solution": 1614
      }
    }
  }
}